# PPR	PCO	FIS	BAC	DOM	OFF
1.892800000000000000e+04	4.690000000000000000e+03	1.665500000000000114e+02	1.440000000000000000e+04	8.026000000000000000e+03	0.000000000000000000e+00
